{ "height":10,
 "layers":[
        {
         "data":[1385, 1385, 1385, 1385, 1385, 1385, 1385, 1159, 1160, 1161, 1385, 1385, 1385, 1385, 1385, 1385, 1385, 1187, 1188, 1189, 1385, 1385, 1385, 1159, 1160, 1160, 1159, 1188, 1188, 1217, 1385, 1385, 1385, 1187, 1163, 1164, 1165, 1164, 1164, 1164, 1385, 1385, 1385, 1159, 1191, 1192, 1193, 1192, 1192, 1192, 1385, 1385, 1159, 1187, 1219, 1220, 1221, 1220, 1220, 1220, 1159, 1160, 1188, 1188, 1188, 1217, 1217, 1215, 1216, 1188, 1187, 1188, 1188, 1188, 1217, 1413, 1413, 1413, 1413, 1216, 1159, 1187, 1188, 1189, 1413, 1413, 1413, 1413, 1413, 1413, 1187, 1215, 1216, 1217, 1413, 1413, 1413, 1413, 1413, 1216],
         "height":10,
         "name":"ground",
         "opacity":1,
         "type":"tilelayer",
         "visible":true,
         "width":10,
         "x":0,
         "y":0
        }, 
        {
         "data":[0, 0, 0, 0, 0, 0, 0, 0, 1170, 0, 0, 0, 0, 0, 0, 0, 0, 0, 1198, 1167, 0, 0, 0, 0, 0, 0, 0, 0, 0, 0, 0, 0, 0, 0, 0, 0, 1164, 1164, 0, 0, 0, 0, 0, 0, 0, 1413, 1413, 1413, 1413, 1413, 0, 0, 0, 0, 0, 0, 1220, 1220, 0, 0, 0, 0, 0, 0, 0, 0, 0, 0, 0, 0, 0, 1243, 1244, 0, 0, 0, 0, 0, 0, 0, 0, 1271, 1272, 0, 0, 0, 0, 0, 0, 0, 0, 0, 0, 0, 0, 0, 0, 0, 0, 0],
         "height":10,
         "name":"aboveGround",
         "opacity":1,
         "type":"tilelayer",
         "visible":true,
         "width":10,
         "x":0,
         "y":0
        }, 
        {
         "data":[0, 0, 0, 0, 0, 0, 0, 0, 0, 0, 0, 0, 1525, 0, 1525, 0, 0, 0, 0, 0, 0, 0, 0, 0, 0, 0, 0, 0, 0, 0, 0, 0, 1525, 0, 0, 0, 0, 0, 0, 0, 0, 0, 0, 0, 0, 0, 0, 0, 0, 0, 0, 0, 0, 0, 0, 0, 0, 0, 0, 0, 0, 0, 0, 0, 0, 0, 0, 0, 0, 0, 0, 0, 0, 0, 0, 0, 0, 0, 0, 0, 0, 0, 0, 0, 0, 0, 0, 0, 0, 0, 0, 0, 0, 0, 0, 0, 0, 0, 0, 0],
         "height":10,
         "name":"another",
         "opacity":1,
         "type":"tilelayer",
         "visible":true,
         "width":10,
         "x":0,
         "y":0
        }],
 "nextobjectid":1,
 "orientation":"orthogonal",
 "renderorder":"right-down",
 "tiledversion":"1.0.2",
 "tileheight":16,
 "tilesets":[
        {
         "columns":28,
         "firstgid":1,
         "image":"tiles.png",
         "imageheight":848,
         "imagewidth":448,
         "margin":0,
         "name":"tiles",
         "spacing":0,
         "tilecount":1484,
         "tileheight":16,
         "tiles":
            {
             "1384":
                {
                 "animation":[
                        {
                         "duration":100,
                         "tileid":1384
                        }, 
                        {
                         "duration":100,
                         "tileid":1385
                        }, 
                        {
                         "duration":100,
                         "tileid":1386
                        }, 
                        {
                         "duration":100,
                         "tileid":1387
                        }, 
                        {
                         "duration":100,
                         "tileid":1388
                        }, 
                        {
                         "duration":100,
                         "tileid":1389
                        }, 
                        {
                         "duration":100,
                         "tileid":1390
                        }, 
                        {
                         "duration":100,
                         "tileid":1391
                        }]
                },
             "1412":
                {
                 "animation":[
                        {
                         "duration":100,
                         "tileid":1412
                        }, 
                        {
                         "duration":100,
                         "tileid":1413
                        }, 
                        {
                         "duration":100,
                         "tileid":1414
                        }, 
                        {
                         "duration":100,
                         "tileid":1415
                        }, 
                        {
                         "duration":100,
                         "tileid":1416
                        }, 
                        {
                         "duration":100,
                         "tileid":1417
                        }, 
                        {
                         "duration":100,
                         "tileid":1418
                        }, 
                        {
                         "duration":100,
                         "tileid":1419
                        }, 
                        {
                         "duration":100,
                         "tileid":1420
                        }]
                }
            },
         "tilewidth":16
        }, 
        {
         "columns":11,
         "firstgid":1485,
         "image":"super-mario-16bit.png",
         "imageheight":80,
         "imagewidth":176,
         "margin":0,
         "name":"super-mario-16bit",
         "spacing":0,
         "tilecount":55,
         "tileheight":16,
         "tiles":
            {
             "40":
                {
                 "animation":[
                        {
                         "duration":100,
                         "tileid":40
                        }, 
                        {
                         "duration":100,
                         "tileid":41
                        }, 
                        {
                         "duration":100,
                         "tileid":42
                        }, 
                        {
                         "duration":100,
                         "tileid":41
                        }]
                }
            },
         "tilewidth":16
        }],
 "tilewidth":16,
 "type":"map",
 "version":1,
 "width":10
}