{ "height":10,
 "layers":[
        {
         "data":[1156, 1157, 1157, 1157, 1157, 1157, 1157, 1157, 1157, 1158, 1184, 1185, 1185, 1385, 1385, 1385, 1385, 1185, 1185, 1186, 1184, 1185, 1385, 1185, 1185, 1185, 1185, 1385, 1185, 1186, 1184, 1185, 1185, 1185, 1185, 1185, 1185, 1385, 1185, 1186, 1184, 1185, 1185, 1185, 1185, 1185, 1385, 1185, 1185, 1186, 1184, 1185, 1185, 1185, 1185, 1385, 1185, 1185, 1185, 1186, 1184, 1185, 1185, 1185, 1385, 1185, 1185, 1185, 1185, 1186, 1184, 1185, 1185, 1385, 1185, 1185, 1185, 1185, 1185, 1186, 1184, 1185, 1385, 1385, 1385, 1385, 1385, 1385, 1185, 1186, 1212, 1213, 1213, 1213, 1213, 1213, 1213, 1213, 1213, 1214],
         "height":10,
         "name":"ground",
         "opacity":1,
         "type":"tilelayer",
         "visible":true,
         "width":10,
         "x":0,
         "y":0
        }],
 "nextobjectid":1,
 "orientation":"orthogonal",
 "renderorder":"right-down",
 "tiledversion":"1.0.2",
 "tileheight":16,
 "tilesets":[
        {
         "columns":28,
         "firstgid":1,
         "image":"tiles.png",
         "imageheight":848,
         "imagewidth":448,
         "margin":0,
         "name":"tiles",
         "spacing":0,
         "tilecount":1484,
         "tileheight":16,
         "tiles":
            {
             "1384":
                {
                 "animation":[
                        {
                         "duration":100,
                         "tileid":1384
                        }, 
                        {
                         "duration":100,
                         "tileid":1385
                        }, 
                        {
                         "duration":100,
                         "tileid":1386
                        }, 
                        {
                         "duration":100,
                         "tileid":1387
                        }, 
                        {
                         "duration":100,
                         "tileid":1388
                        }, 
                        {
                         "duration":100,
                         "tileid":1389
                        }, 
                        {
                         "duration":100,
                         "tileid":1390
                        }, 
                        {
                         "duration":100,
                         "tileid":1391
                        }]
                },
             "1412":
                {
                 "animation":[
                        {
                         "duration":100,
                         "tileid":1412
                        }, 
                        {
                         "duration":100,
                         "tileid":1413
                        }, 
                        {
                         "duration":100,
                         "tileid":1414
                        }, 
                        {
                         "duration":100,
                         "tileid":1415
                        }, 
                        {
                         "duration":100,
                         "tileid":1416
                        }, 
                        {
                         "duration":100,
                         "tileid":1417
                        }, 
                        {
                         "duration":100,
                         "tileid":1418
                        }, 
                        {
                         "duration":100,
                         "tileid":1419
                        }, 
                        {
                         "duration":100,
                         "tileid":1420
                        }]
                }
            },
         "tilewidth":16
        }, 
        {
         "columns":11,
         "firstgid":1485,
         "image":"super-mario-16bit.png",
         "imageheight":80,
         "imagewidth":176,
         "margin":0,
         "name":"super-mario-16bit",
         "spacing":0,
         "tilecount":55,
         "tileheight":16,
         "tiles":
            {
             "40":
                {
                 "animation":[
                        {
                         "duration":100,
                         "tileid":40
                        }, 
                        {
                         "duration":100,
                         "tileid":41
                        }, 
                        {
                         "duration":100,
                         "tileid":42
                        }, 
                        {
                         "duration":100,
                         "tileid":41
                        }]
                }
            },
         "tilewidth":16
        }],
 "tilewidth":16,
 "type":"map",
 "version":1,
 "width":10
}